ensemble_size,solve_time_ms
1,4.8699851031415164
3,5.080246191937476
10,5.288504192139953
30,5.3086930071003735
100,6.959288299549371
300,6.978242297191173
1000,6.901249592192471
3000,9.63347879005596
10000,12.62990270042792
30000,18.070324196014553
100000,46.64075409527868
