{
  "NVIDIA GeForce RTX 4070 SUPER": {
    "rodas5": {
      "4": {
        "compile_ms": 501.34767685085535,
        "solve_ms": 4.5231533935293555,
        "error": ""
      },
      "8": {
        "compile_ms": 496.17133708670735,
        "solve_ms": 7.559269014745951,
        "error": ""
      },
      "16": {
        "compile_ms": 560.8024399261922,
        "solve_ms": 11.98964559007436,
        "error": ""
      },
      "32": {
        "compile_ms": 520.3746750485152,
        "solve_ms": 52.28360390756279,
        "error": ""
      },
      "64": {
        "compile_ms": 629.8114808741957,
        "solve_ms": 124.5896051172167,
        "error": ""
      }
    },
    "rodas5ckn": {
      "4": {
        "compile_ms": 7828.6101028788835,
        "solve_ms": 1.1082099983468652,
        "error": ""
      },
      "8": {
        "compile_ms": 7867.358732037246,
        "solve_ms": 1.2368439929559827,
        "error": ""
      },
      "16": {
        "compile_ms": 9136.483598966151,
        "solve_ms": 2.2979191970080137,
        "error": ""
      },
      "32": {
        "compile_ms": 8599.837064975873,
        "solve_ms": 11.261568102054298,
        "error": ""
      },
      "64": {
        "compile_ms": 10264.998862054199,
        "solve_ms": 46.58275619149208,
        "error": ""
      }
    }
  }
}
