{
  "NVIDIA GeForce RTX 4070 SUPER": {
    "rodas5_fp32_lu": {
      "0": {
        "gpu": "NVIDIA GeForce RTX 4070 SUPER",
        "solver_key": "rodas5_fp32_lu",
        "solver": "JAX Rodas5 fp32 LU",
        "divergence": 0.0,
        "dim": 64,
        "n_osc": 32,
        "ensemble_size": 1000,
        "solve_time_ms": 487.409881898202,
        "mean_steps": 24.0,
        "step_std": 0.0,
        "step_cv": 0.0,
        "step_variance": 0.0,
        "min_steps": 24,
        "max_steps": 24,
        "rejected_steps_mean": 0.0,
        "normalized_solve_time_ms_per_step": 20.30874507909175
      },
      "0.25": {
        "gpu": "NVIDIA GeForce RTX 4070 SUPER",
        "solver_key": "rodas5_fp32_lu",
        "solver": "JAX Rodas5 fp32 LU",
        "divergence": 0.25,
        "dim": 64,
        "n_osc": 32,
        "ensemble_size": 1000,
        "solve_time_ms": 1123.0990845011547,
        "mean_steps": 209.473,
        "step_std": 114.88141281343127,
        "step_cv": 0.548430646495879,
        "step_variance": 13197.739010010011,
        "min_steps": 64,
        "max_steps": 546,
        "rejected_steps_mean": 20.031,
        "normalized_solve_time_ms_per_step": 5.3615458054315095
      },
      "0.5": {
        "gpu": "NVIDIA GeForce RTX 4070 SUPER",
        "solver_key": "rodas5_fp32_lu",
        "solver": "JAX Rodas5 fp32 LU",
        "divergence": 0.5,
        "dim": 64,
        "n_osc": 32,
        "ensemble_size": 1000,
        "solve_time_ms": 1087.6538146054372,
        "mean_steps": 294.221,
        "step_std": 76.66426526464966,
        "step_cv": 0.26056693867755754,
        "step_variance": 5877.409568568569,
        "min_steps": 117,
        "max_steps": 518,
        "rejected_steps_mean": 23.89,
        "normalized_solve_time_ms_per_step": 3.6967239408656662
      },
      "0.75": {
        "gpu": "NVIDIA GeForce RTX 4070 SUPER",
        "solver_key": "rodas5_fp32_lu",
        "solver": "JAX Rodas5 fp32 LU",
        "divergence": 0.75,
        "dim": 64,
        "n_osc": 32,
        "ensemble_size": 1000,
        "solve_time_ms": 1229.481619806029,
        "mean_steps": 425.798,
        "step_std": 70.81156313395061,
        "step_cv": 0.16630318398383884,
        "step_variance": 5014.277473473474,
        "min_steps": 203,
        "max_steps": 637,
        "rejected_steps_mean": 37.267,
        "normalized_solve_time_ms_per_step": 2.887476267634016
      },
      "1": {
        "gpu": "NVIDIA GeForce RTX 4070 SUPER",
        "solver_key": "rodas5_fp32_lu",
        "solver": "JAX Rodas5 fp32 LU",
        "divergence": 1.0,
        "dim": 64,
        "n_osc": 32,
        "ensemble_size": 1000,
        "solve_time_ms": 1182.9675898887217,
        "mean_steps": 386.623,
        "step_std": 71.23945487530719,
        "step_cv": 0.1842607782654089,
        "step_variance": 5075.05993093093,
        "min_steps": 144,
        "max_steps": 598,
        "rejected_steps_mean": 35.679,
        "normalized_solve_time_ms_per_step": 3.059744479476704
      },
      "1.25": {
        "gpu": "NVIDIA GeForce RTX 4070 SUPER",
        "solver_key": "rodas5_fp32_lu",
        "solver": "JAX Rodas5 fp32 LU",
        "divergence": 1.25,
        "dim": 64,
        "n_osc": 32,
        "ensemble_size": 1000,
        "solve_time_ms": 1255.0968144088984,
        "mean_steps": 405.505,
        "step_std": 80.53432654932152,
        "step_cv": 0.19860254879550565,
        "step_variance": 6485.777752752752,
        "min_steps": 148,
        "max_steps": 655,
        "rejected_steps_mean": 37.873,
        "normalized_solve_time_ms_per_step": 3.095145101561999
      },
      "1.5": {
        "gpu": "NVIDIA GeForce RTX 4070 SUPER",
        "solver_key": "rodas5_fp32_lu",
        "solver": "JAX Rodas5 fp32 LU",
        "divergence": 1.5,
        "dim": 64,
        "n_osc": 32,
        "ensemble_size": 1000,
        "solve_time_ms": 1320.220631081611,
        "mean_steps": 417.501,
        "step_std": 90.50594082337537,
        "step_cv": 0.2167801773489773,
        "step_variance": 8191.325324324324,
        "min_steps": 152,
        "max_steps": 704,
        "rejected_steps_mean": 39.322,
        "normalized_solve_time_ms_per_step": 3.1621975302612713
      },
      "2": {
        "gpu": "NVIDIA GeForce RTX 4070 SUPER",
        "solver_key": "rodas5_fp32_lu",
        "solver": "JAX Rodas5 fp32 LU",
        "divergence": 2.0,
        "dim": 64,
        "n_osc": 32,
        "ensemble_size": 1000,
        "solve_time_ms": 1432.2229027980939,
        "mean_steps": 426.673,
        "step_std": 102.93243977560309,
        "step_cv": 0.24124432475362417,
        "step_variance": 10595.087158158156,
        "min_steps": 151,
        "max_steps": 794,
        "rejected_steps_mean": 40.612,
        "normalized_solve_time_ms_per_step": 3.356722602081908
      },
      "2.5": {
        "gpu": "NVIDIA GeForce RTX 4070 SUPER",
        "solver_key": "rodas5_fp32_lu",
        "solver": "JAX Rodas5 fp32 LU",
        "divergence": 2.5,
        "dim": 64,
        "n_osc": 32,
        "ensemble_size": 1000,
        "solve_time_ms": 1438.8626547064632,
        "mean_steps": 426.754,
        "step_std": 108.10305154690943,
        "step_cv": 0.2533146767151788,
        "step_variance": 11686.269753753755,
        "min_steps": 153,
        "max_steps": 799,
        "rejected_steps_mean": 40.802,
        "normalized_solve_time_ms_per_step": 3.3716442135433136
      },
      "3": {
        "gpu": "NVIDIA GeForce RTX 4070 SUPER",
        "solver_key": "rodas5_fp32_lu",
        "solver": "JAX Rodas5 fp32 LU",
        "divergence": 3.0,
        "dim": 64,
        "n_osc": 32,
        "ensemble_size": 1000,
        "solve_time_ms": 1407.459194608964,
        "mean_steps": 423.57,
        "step_std": 112.56254895580247,
        "step_cv": 0.26574721759284764,
        "step_variance": 12670.327427427428,
        "min_steps": 159,
        "max_steps": 785,
        "rejected_steps_mean": 40.159,
        "normalized_solve_time_ms_per_step": 3.322849103121005
      },
      "4": {
        "gpu": "NVIDIA GeForce RTX 4070 SUPER",
        "solver_key": "rodas5_fp32_lu",
        "solver": "JAX Rodas5 fp32 LU",
        "divergence": 4.0,
        "dim": 64,
        "n_osc": 32,
        "ensemble_size": 1000,
        "solve_time_ms": 1475.156656303443,
        "mean_steps": 408.569,
        "step_std": 113.99771365127337,
        "step_cv": 0.27901704155546153,
        "step_variance": 12995.478717717719,
        "min_steps": 151,
        "max_steps": 842,
        "rejected_steps_mean": 37.514,
        "normalized_solve_time_ms_per_step": 3.6105447459387348
      }
    },
    "rodas5ckn": {
      "0": {
        "gpu": "NVIDIA GeForce RTX 4070 SUPER",
        "solver_key": "rodas5ckn",
        "solver": "numba-cuda Rodas5",
        "divergence": 0.0,
        "dim": 64,
        "n_osc": 32,
        "ensemble_size": 1000,
        "solve_time_ms": 45.53223731927574,
        "mean_steps": 24.0,
        "step_std": 0.0,
        "step_cv": 0.0,
        "step_variance": 0.0,
        "min_steps": 24,
        "max_steps": 24,
        "rejected_steps_mean": 0.0,
        "normalized_solve_time_ms_per_step": 1.8971765549698223
      },
      "0.25": {
        "gpu": "NVIDIA GeForce RTX 4070 SUPER",
        "solver_key": "rodas5ckn",
        "solver": "numba-cuda Rodas5",
        "divergence": 0.25,
        "dim": 64,
        "n_osc": 32,
        "ensemble_size": 1000,
        "solve_time_ms": 451.93791270721704,
        "mean_steps": 209.514,
        "step_std": 114.91067081114036,
        "step_cv": 0.5484629705467909,
        "step_variance": 13204.462266266266,
        "min_steps": 64,
        "max_steps": 549,
        "rejected_steps_mean": 20.037,
        "normalized_solve_time_ms_per_step": 2.1570773919987065
      },
      "0.5": {
        "gpu": "NVIDIA GeForce RTX 4070 SUPER",
        "solver_key": "rodas5ckn",
        "solver": "numba-cuda Rodas5",
        "divergence": 0.5,
        "dim": 64,